triplet_id,category,article,article_url,anchor_section,positive_section,negative_section,anchor_sentence_id,positive_sentence_id,negative_sentence_id,anchor,positive,negative,valid_triplet,review_notes
TRIPLET_00840,Wildlife,Kangaroo,https://en.wikipedia.org/wiki/Kangaroo,Taxonomy and description,Taxonomy and description,Emblems and popular culture,Kangaroo_SEC_002_SENT_025,Kangaroo_SEC_002_SENT_031,Kangaroo_SEC_015_SENT_010,"At this time, there was a radiation of macropodids characterised by enlarged body size and adaptation to the low quality grass diet with the development of foregut fermentation.","In addition, their ankle bones had an articulation that would have prohibited much lateral movements, an adaptation for bipedal hopping.","Kangaroos are well represented in films, television, books, toys and souvenirs around the world.",,
TRIPLET_01039,History,History of Australia,https://en.wikipedia.org/wiki/History_of_Australia,From autonomy to federation > Colonial self-government and the gold rushes > Eureka stockade,From autonomy to federation > Colonial self-government and the gold rushes > Eureka stockade,Post-war boom > Menzies and Liberal dominance (1949–72),History_of_Australia_SEC_020_SENT_005,History_of_Australia_SEC_020_SENT_007,History_of_Australia_SEC_037_SENT_014,"On 3 December troops overran the stockade, killing about 20 protesters.","Following a Royal Commission, the monthly licence was replaced with a cheaper annual miner's right which gave holders the right to vote and build a dwelling on the goldfields.",Evatt had served as President of the United Nations General Assembly during 1948–49 and helped draft the United Nations Universal Declaration of Human Rights (1948).,,
TRIPLET_00579,Landmarks,Great Barrier Reef,https://en.wikipedia.org/wiki/Great_Barrier_Reef,Human use > Fishing,Human use > Fishing,Environmental threats > Pollution > Loss of coastal wetland,Great_Barrier_Reef_SEC_021_SENT_002,Great_Barrier_Reef_SEC_021_SENT_001,Great_Barrier_Reef_SEC_008_SENT_001,"It employs approximately 2000 people, and fishing in the Great Barrier Reef is pursued commercially, for recreation, and as a traditional means for feeding one's family.","The fishing industry in the Great Barrier Reef, controlled by the Queensland Government, is worth 1 billion Australien Dollars annually.",The runoff problem is exacerbated by the loss of coastal wetlands which act as a natural filter for toxins and help deposit sediment.,,
TRIPLET_00321,Universities,University of Melbourne,https://en.wikipedia.org/wiki/University_of_Melbourne,Student life > Student unions and associations,Student life > Student unions and associations,Campuses and buildings > Fishermans Bend,University_of_Melbourne_SEC_039_SENT_008,University_of_Melbourne_SEC_039_SENT_011,University_of_Melbourne_SEC_015_SENT_002,"There are currently over 200 clubs affiliated to the University of Melbourne Student Union, with the total membership exceeding 25,000.","The UMSU Theatre Department relocated to the new Arts and Culture Building in 2022, which contains two theatres, the 398-seat Union Theatre and 102-seat Guild Theatre.","Construction was planned to begin in the mid-2020s, but in 2025, work was postponed for at least five years.",,
TRIPLET_00640,Sport,Australian rules football,https://en.wikipedia.org/wiki/Australian_rules_football,Laws of the game > Officiation,Laws of the game > Officiation,Laws of the game > Game skills > Ball movement,Australian_rules_football_SEC_013_SENT_004,Australian_rules_football_SEC_013_SENT_005,Australian_rules_football_SEC_014_SENT_004,Boundary umpires: Boundary umpires are positioned along the two boundary lines upon either side of the field.,"Their primary duties include determining when the football is deemed to be outside of the field of play, and to throw the football back into play when directed.","If the ball is not currently in a player's possession, it can be moved legally through the usage of other means, such as punching.",,
TRIPLET_01017,History,History of Australia,https://en.wikipedia.org/wiki/History_of_Australia,"Inter-war years > Men, money and markets (1920s)","Inter-war years > Men, money and markets (1920s)",From autonomy to federation > Colonial self-government and the gold rushes > Self-government and democracy,History_of_Australia_SEC_030_SENT_011,History_of_Australia_SEC_030_SENT_020,History_of_Australia_SEC_021_SENT_003,"Other major strikes occurred on the waterfront, in the coalmining and timber industries in the late 1920s.","""The new irrigation areas in Western Australia and the Dawson Valley of Queensland proved disastrous"".","The constitutions for New South Wales, Victoria and Van Diemen's Land (renamed Tasmania in 1856) gained Royal Assent in 1855, that for South Australia in 1856.",,
TRIPLET_00267,Universities,University of Sydney,https://en.wikipedia.org/wiki/University_of_Sydney,Student life > Charles Perkins Oration and Prize,Student life > Charles Perkins Oration and Prize,History > 2020s,University_of_Sydney_SEC_020_SENT_003,University_of_Sydney_SEC_020_SENT_004,University_of_Sydney_SEC_005_SENT_002,"The Oration includes the Charles Perkins Memorial Prize, which recognises the achievements of the top three Indigenous students at the university, based on the highest academic results in their field.","In 2021, the awards event could not be held in the great hall, owing to the COVID-19 pandemic in Australia, but Perkins' daughter, filmmaker Rachel Perkins, announced the recipients, and introduced Tony McAvoy, Australia's first Indigenous Queen's Counsel, to deliver the oration.","In 2022, the university's National Tertiary Education Union voted to go on strike for 48 hours, demanding an end to job insecurity, protection of academics' right to a 40 per cent research component in their workload, a pay rise, enforceable targets for Aboriginal and Torres Strait Islander employment, and improved rights for professional members.",,
TRIPLET_00990,Wildlife,Tasmanian devil,https://en.wikipedia.org/wiki/Tasmanian_devil,Distribution and habitat,Distribution and habitat,Relationship with humans > In popular culture,Tasmanian_devil_SEC_004_SENT_002,Tasmanian_devil_SEC_004_SENT_004,Tasmanian_devil_SEC_015_SENT_014,"A number of causal factors for the extinction have been proposed, including the introduction of the dingo, intensification of human activity, as well as climatic change.",The north-western population is located west of the Forth River and as far south as Macquarie Heads.,"Debate followed, and a delegation from the Tasmanian government met with Warner Bros. Ray Groom, the Tourism Minister, later announced that a ""verbal agreement"" had been reached.",,
TRIPLET_00942,Wildlife,Platypus,https://en.wikipedia.org/wiki/Platypus,Description > Senses,Description > Senses,Ecology and behaviour > Reproduction,Platypus_SEC_003_SENT_015,Platypus_SEC_003_SENT_007,Platypus_SEC_007_SENT_004,"A temporal (ear side) concentration of retinal ganglion cells, important for binocular vision, indicates a vestigial role in predation, though the actual visual acuity is insufficient for such activities.","These receptors in the bill dominate the somatotopic map of the platypus brain, in the same way human hands dominate the Penfield homunculus map.","During copulation, the male swims behind the female and grabs the tail with his bill, positioning his own tail under her from the side, then grips her neck or shoulder.",,
TRIPLET_00424,Landmarks,Sydney Opera House,https://en.wikipedia.org/wiki/Sydney_Opera_House,History > Origins of the project > Site selection,History > Origins of the project > Site selection,Public and commemorative events,Sydney_Opera_House_SEC_003_SENT_003,Sydney_Opera_House_SEC_003_SENT_004,Sydney_Opera_House_SEC_017_SENT_003,"By 1954, Goossens succeeded in gaining the support of New South Wales Premier Joseph Cahill, who called for designs for a dedicated opera house.",It was also Goossens who insisted that Bennelong Point be the site: Cahill had wanted it to be on or near Wynyard railway station in the northwest of the central business district.,"The event had a 1.5 km (0.9 mi) swimming loop at Farm Cove, along with competitions in the neighbouring Royal Botanical Gardens for the cycling and running portions of the event.",,
TRIPLET_00198,Cities,Perth,https://en.wikipedia.org/wiki/Perth,Governance > State,Governance > State,"Infrastructure > Transport > Public transport (trains, buses, ferries)",Perth_SEC_016_SENT_001,Perth_SEC_016_SENT_002,Perth_SEC_030_SENT_006,Perth houses the Parliament of Western Australia and the Governor of Western Australia.,"As of the 2008 state election, 42 of the Legislative Assembly's 59 seats and 18 of the Legislative Council's 36 seats are based in Perth's metropolitan area.","The Prospector passenger rail service connects Perth with Kalgoorlie via several Wheatbelt towns, while the Australind connects to Bunbury, the MerredinLink connects to Merredin and the AvonLink connects to Northam.",,
TRIPLET_00931,Wildlife,Platypus,https://en.wikipedia.org/wiki/Platypus,Evolution > Genome,Evolution > Genome,Human interactions > Cultural references,Platypus_SEC_009_SENT_006,Platypus_SEC_009_SENT_007,Platypus_SEC_013_SENT_008,"Though the platypus lacks the mammalian sex-determining gene SRY, a study found that the mechanism of sex determination is the AMH gene on the oldest Y chromosome.","A draft version of the platypus genome sequence was published in Nature in May 2008, revealing both reptilian and mammalian elements, as well as two genes previously found only in non-mammalian vertebrates.",The platypus has often represented Australia's cultural identity and its image has also been used for stamps and currency and as a mascot in the 2000 Summer Olympics in Sydney.,,
TRIPLET_00712,Sport,Rugby league in Australia,https://en.wikipedia.org/wiki/Rugby_league_in_Australia,Demographics of the game > Age > Senior participation,Demographics of the game > Age > Senior participation,Club competitions,Rugby_league_in_Australia_SEC_011_SENT_005,Rugby_league_in_Australia_SEC_011_SENT_001,Rugby_league_in_Australia_SEC_005_SENT_001,"At the same time, however, it notes that ""rugby league is, generally, missing a recreational game that keeps people playing the sport when they drop out of the so-called elite stream"".","In 2008, 51,540 people participated in senior rugby league.",The elite professional rugby league club competition in Australia is the National Rugby League (NRL).,,
TRIPLET_00367,Universities,Australian National University,https://en.wikipedia.org/wiki/Australian_National_University,Academic profile > Academic reputation,Academic profile > Academic reputation,History > Post-war origins,Australian_National_University_SEC_017_SENT_003,Australian_National_University_SEC_017_SENT_005,Australian_National_University_SEC_001_SENT_003,"Global publications In the 2026 Quacquarelli Symonds World University Rankings (published 2025), the university attained a tied position of #32 (4th nationally).","In the 2025 Academic Ranking of World Universities, the university attained a position of #101–150 (tied 6–7th nationally).","Establishment of the ANU was prolonged by World War II but resumed with the creation of the Department of Post-War Reconstruction in 1942, ultimately leading to the passage of the Australian National University Act 1946 by the Chifley government on 1 August 1946.",,
TRIPLET_00082,Cities,Melbourne,https://en.wikipedia.org/wiki/Melbourne,Media,Media,Transport > Public transport > Bus,Melbourne_SEC_023_SENT_008,Melbourne_SEC_023_SENT_003,Melbourne_SEC_029_SENT_002,Triple J and community stations PBS and Triple R strive to play underrepresented music.,Each station (excluding C31) broadcasts a primary channel and several multichannels.,"In the 2023–24 financial year, 114.9 million passenger trips were recorded on Melbourne's buses, an increase of 15.2% over the previous period.",,
TRIPLET_01013,History,History of Australia,https://en.wikipedia.org/wiki/History_of_Australia,From autonomy to federation > The long boom (1860 to 1890),From autonomy to federation > The long boom (1860 to 1890),Inter-war years > Indigenous policy,History_of_Australia_SEC_022_SENT_022,History_of_Australia_SEC_022_SENT_013,History_of_Australia_SEC_033_SENT_003,"From the late 1870s trade unions, Anti-Chinese Leagues and other community groups campaigned against Chinese immigration and low-wage Chinese labour.","Colonial governments spent heavily on infrastructure such as railways, ports, telegraph, schools and urban services.","Reserves were established, ostensibly for the protection of the Aboriginal population who had been dispossessed of their land.",,
TRIPLET_00583,Landmarks,Great Barrier Reef,https://en.wikipedia.org/wiki/Great_Barrier_Reef,Environmental threats > Pollution > Eutrophication,Environmental threats > Pollution > Eutrophication,Human use > Tourism,Great_Barrier_Reef_SEC_009_SENT_004,Great_Barrier_Reef_SEC_009_SENT_005,Great_Barrier_Reef_SEC_020_SENT_003,Fertilizers also increase the amount of phytoplankton available for the crown-of-thorns starfish larvae to consume.,A study showed that a doubling of the chlorophyll in the water leads to a tenfold increase in the crown-of-thorns starfish larvae's survival rate.,These areas make up 7–8% of the park's area.,,
TRIPLET_00690,Sport,Cricket in Australia,https://en.wikipedia.org/wiki/Cricket_in_Australia,Organisation of cricket in modern Australia > International cricket > Men's national team,Organisation of cricket in modern Australia > International cricket > Men's national team,Affiliated state associations > Participation,Cricket_in_Australia_SEC_009_SENT_014,Cricket_in_Australia_SEC_009_SENT_016,Cricket_in_Australia_SEC_007_SENT_002,"In late September 2021, Cricket Australia announced it would postpone its men's test match against Afghanistan indefinitely to prompt Afghanistan to rethink their approach to women's sports after media outlets reported that Taliban rulers would not allow women to play cricket.","One Day International- The Australian team took part in the first one day international on 5 January 1971, once again also against England at the Melbourne Cricket Ground.",Fewer than a quarter of all players are female.,,
TRIPLET_01198,History,Eureka Rebellion,https://en.wikipedia.org/wiki/Eureka_Rebellion,Open rebellion > Paramilitary mobilisation and swearing allegiance to the Southern Cross,Open rebellion > Paramilitary mobilisation and swearing allegiance to the Southern Cross,Origins in the Victorian gold rush > Protests on the goldfields: 1851–1854 > Bendigo Petition and the Red Ribbon Movement,Eureka_Rebellion_SEC_010_SENT_005,Eureka_Rebellion_SEC_010_SENT_003,Eureka_Rebellion_SEC_004_SENT_001,"and Fredrick Vern, who was accused of abandoning the garrison four days later as soon as the danger arrived, with suspicions of being a double agent.",The Eureka Flag was flown there for the first time.,"The disquiet on the goldfields continued in 1853, with public meetings held in Castlemaine, Heathcote and Bendigo.",,
TRIPLET_00500,Landmarks,Sydney Harbour Bridge,https://en.wikipedia.org/wiki/Sydney_Harbour_Bridge,History > Early proposals,History > Early proposals,Celebrations > 50th Anniversary celebrations,Sydney_Harbour_Bridge_SEC_004_SENT_012,Sydney_Harbour_Bridge_SEC_004_SENT_011,Sydney_Harbour_Bridge_SEC_017_SENT_002,However due to an economic downturn and a change of government at the 1904 NSW State election construction never began.,"The selection board were unanimous, commenting that, ""The structural lines are correct and in true proportion, and... the outline is graceful"".","For the first time since its opening in 1932, the bridge was closed to most vehicles with the exception of vintage vehicles, and pedestrians were allowed full access for the day.",,
TRIPLET_00974,Wildlife,Tasmanian devil,https://en.wikipedia.org/wiki/Tasmanian_devil,Conservation status,Conservation status,Ecology and behaviour > Reproduction,Tasmanian_devil_SEC_008_SENT_009,Tasmanian_devil_SEC_008_SENT_004,Tasmanian_devil_SEC_007_SENT_002,"In 2008, high levels of potentially carcinogenic flame retardant chemicals were found in Tasmanian devils.","In dingo-free Tasmania, carnivorous marsupials were still active when Europeans arrived.","At this point, they become fertile once a year, producing multiple ova while in heat.",,
TRIPLET_01122,History,Australian gold rushes,https://en.wikipedia.org/wiki/Australian_gold_rushes,"Notable gold finds that started rushes > September 1851: Bendigo, Victoria","Notable gold finds that started rushes > September 1851: Bendigo, Victoria","Pre-rush gold finds > 1823: Bathurst region, New South Wales",Australian_gold_rushes_SEC_025_SENT_009,Australian_gold_rushes_SEC_025_SENT_046,Australian_gold_rushes_SEC_004_SENT_003,"A monument to this effect was erected by the City of Greater Bendigo beside the Bendigo Creek, Golden Square on 28 September 2001, as part of a commemoration of 150 years of gold in Bendigo.","Just days later, in mid-December 1851 the rush to Bendigo had begun, with a correspondent from Castlemaine for the Geelong Advertiser reported on 16 December 1851 that ""hundreds are on the wing thither (to Bendigo Creek)"".","At this place I found numerous particles of gold convenient to river.""",,
TRIPLET_01193,History,Eureka Rebellion,https://en.wikipedia.org/wiki/Eureka_Rebellion,Popular culture,Popular culture,Tensions escalate > Ballarat Reform League meetings,Eureka_Rebellion_SEC_024_SENT_005,Eureka_Rebellion_SEC_024_SENT_004,Eureka_Rebellion_SEC_008_SENT_010,"The first was Eureka Stockade, a 1907 silent film, the second feature film produced in Australia.",There have been four motion pictures based on the uprising at Ballarat.,The meeting resolved to secede from the United Kingdom if the situation did not improve.,,
TRIPLET_00826,Wildlife,Kangaroo,https://en.wikipedia.org/wiki/Kangaroo,Biology and behaviour > Predators,Biology and behaviour > Predators,Interaction with humans > Collisions with vehicles,Kangaroo_SEC_008_SENT_005,Kangaroo_SEC_008_SENT_003,Kangaroo_SEC_014_SENT_012,"Kangaroos and wallabies are adept swimmers, and often flee into waterways if presented with the option.","However, with the arrival of humans in Australia at least 50,000 years ago and the introduction of the dingo about 5,000 years ago, kangaroos have had to adapt.","In New South Wales, rehabilitation of kangaroos is carried out by volunteers from WIRES.",,
TRIPLET_00025,Cities,Sydney,https://en.wikipedia.org/wiki/Sydney,Regions > Eastern Suburbs,Regions > Eastern Suburbs,History > Colonial city (1841–1900),Sydney_SEC_014_SENT_007,Sydney_SEC_014_SENT_006,Sydney_SEC_005_SENT_003,"The suburb of Randwick contains Randwick Racecourse, the Royal Hospital for Women, the Prince of Wales Hospital, Sydney Children's Hospital, and University of New South Wales Kensington Campus.","Major landmarks include Bondi Beach, which was added to the Australian National Heritage List in 2008; and Bondi Junction, featuring a Westfield shopping centre and an estimated office workforce of 6,400 by 2035, as well as a railway station on the T4 Eastern Suburbs Line.","Melbourne soon overtook Sydney as Australia's largest city, leading to an enduring rivalry between the two.",,
TRIPLET_00580,Landmarks,Great Barrier Reef,https://en.wikipedia.org/wiki/Great_Barrier_Reef,Protection and preservation: Reef 2050 plan > Conservation Policy: Reef 2050 Water Quality Improvement Plan,Protection and preservation: Reef 2050 plan > Conservation Policy: Reef 2050 Water Quality Improvement Plan,Human use > Fishing,Great_Barrier_Reef_SEC_016_SENT_001,Great_Barrier_Reef_SEC_016_SENT_008,Great_Barrier_Reef_SEC_021_SENT_002,The Great Barrier Reef contributes to the overall wellbeing of the marine biome.,This plan will join the Queensland government and the Great Barrier Reef Marine Park Authority to manage the amounts of runoff that reach the Great Barrier Reef as well as mitigating crown-of-thorns starfish population flare-ups.,"It employs approximately 2000 people, and fishing in the Great Barrier Reef is pursued commercially, for recreation, and as a traditional means for feeding one's family.",,
TRIPLET_00821,Wildlife,Kangaroo,https://en.wikipedia.org/wiki/Kangaroo,Biology and behaviour > Locomotion,Biology and behaviour > Locomotion,Taxonomy and description,Kangaroo_SEC_004_SENT_001,Kangaroo_SEC_004_SENT_005,Kangaroo_SEC_002_SENT_022,Kangaroos are the only large mammals to use hopping on two legs as their primary means of locomotion.,"At slow speeds, it employs pentapedal locomotion, using its tail to form a tripod with its two forelimbs while bringing its hind feet forward.",Kangaroos and other macropods share a common ancestor with the Phalangeridae from the Middle Miocene.,,
TRIPLET_01166,History,Eureka Rebellion,https://en.wikipedia.org/wiki/Eureka_Rebellion,Commemoration > 19th century,Commemoration > 19th century,Tensions escalate > Ballarat Reform League meetings,Eureka_Rebellion_SEC_021_SENT_026,Eureka_Rebellion_SEC_021_SENT_011,Eureka_Rebellion_SEC_008_SENT_013,"When it opened in Melbourne, the exhibition was an instant hit.","A soldiers' memorial was constructed in 1879, an obelisk constructed of limestone sourced from Waurn Ponds with the words ""Victoria"" and ""Duty"" carved in its north and south faces, respectively.","Notes to the royal commissioners had already been made on 6 November, where Hotham stated his opposition to an export duty on gold replacing the universal mining tax.",,
TRIPLET_00733,Sport,Rugby league in Australia,https://en.wikipedia.org/wiki/Rugby_league_in_Australia,Media coverage,Media coverage,History > 21st century,Rugby_league_in_Australia_SEC_019_SENT_006,Rugby_league_in_Australia_SEC_019_SENT_003,Rugby_league_in_Australia_SEC_002_SENT_007,"Formerly, the official publication for the NRL was Big League, however, production was suspended in 2020 due to the effects of the COVID-19 pandemic in Australia, and hasn't been renewed since.","All premiership games are broadcast on television, either free-to-air or cable.","A 2013 report found that behind cricket, rugby league was Australia's second-most popular sport.",,
TRIPLET_00600,Landmarks,Great Barrier Reef,https://en.wikipedia.org/wiki/Great_Barrier_Reef,Human use > Management,Human use > Management,Human use > Fishing,Great_Barrier_Reef_SEC_018_SENT_051,Great_Barrier_Reef_SEC_018_SENT_046,Great_Barrier_Reef_SEC_021_SENT_002,Every outlook report follows the same judging and grading process so that information can be tracked over time.,"At the time, it was the largest Marine Protected Area in the world, although in 2006, the new Northwestern Hawaiian Islands National Monument became the largest.","It employs approximately 2000 people, and fishing in the Great Barrier Reef is pursued commercially, for recreation, and as a traditional means for feeding one's family.",,
TRIPLET_00407,Landmarks,Sydney Opera House,https://en.wikipedia.org/wiki/Sydney_Opera_House,History > Design development and construction timeline > Significant changes to Utzon's design,History > Design development and construction timeline > Significant changes to Utzon's design,History > Origins of the project > Site selection,Sydney_Opera_House_SEC_009_SENT_011,Sydney_Opera_House_SEC_009_SENT_003,Sydney_Opera_House_SEC_003_SENT_002,"Utzon's plywood corridor designs, along with his acoustic and seating designs for the interior of both major halls, were scrapped completely.","As a result, the Joan Sutherland Theatre is now inadequate for staging large-scale opera and ballet.","The Sydney Symphony Orchestra's performance home, the Sydney Town Hall, was not considered large enough.",,
TRIPLET_00511,Landmarks,Uluru,https://en.wikipedia.org/wiki/Uluru,"Aboriginal myths, legends and traditions > Creation of the rock","Aboriginal myths, legends and traditions > Creation of the rock",History > Tourism (1936–1960s),Uluru_SEC_015_SENT_006,Uluru_SEC_015_SENT_007,Uluru_SEC_005_SENT_007,"The second tells of two tribes of ancestral spirits who were invited to a feast, but were distracted by the beautiful Sleepy Lizard Women and did not show up.","In response, the angry hosts sang evil into a mud sculpture that came to life as the dingo.","Following a 1963 suggestion from the Northern Territory Reserves Board, a chain was laid to assist tourists in climbing the landmark.",,
TRIPLET_00133,Cities,Brisbane,https://en.wikipedia.org/wiki/Brisbane,Geography and environment > Climate,Geography and environment > Climate,Toponymy,Brisbane_SEC_008_SENT_022,Brisbane_SEC_008_SENT_006,Brisbane_SEC_001_SENT_006,"Full-strength tropical cyclones rarely affect Brisbane, but occasionally do so, the most recent being Cyclone Alfred, making landfall as a category 1 around Bribie Island on the 8th of March, 2025, bringing destructive winds and causing significant flooding throughout parts of south-eastern Queensland and north-eastern New South Wales.",Eighty percent of summer days record a maximum temperature of 27 to 33 °C (81 to 91 °F).,"There is a difference of opinion between local traditional owners over the spelling, provenance and pronunciation of indigenous names for Brisbane.",,
TRIPLET_00273,Universities,University of Sydney,https://en.wikipedia.org/wiki/University_of_Sydney,Governance and structure > Finances and endowment,Governance and structure > Finances and endowment,Controversies > Sexual harassment,University_of_Sydney_SEC_012_SENT_001,University_of_Sydney_SEC_012_SENT_002,University_of_Sydney_SEC_023_SENT_003,The university has the highest annual revenues of any Australian university.,It also has received a number of significant bequests and legacies over its history.,This is less than the 2017 Australian Human Rights Commission report on sexual assault and harassment which found reported figures substantially higher than this.,,
TRIPLET_00239,Universities,Macquarie University,https://en.wikipedia.org/wiki/Macquarie_University,Campuses and buildings > Macquarie University Hospital,Campuses and buildings > Macquarie University Hospital,Student life,Macquarie_University_SEC_004_SENT_004,Macquarie_University_SEC_004_SENT_003,Macquarie_University_SEC_018_SENT_002,"It comprises 183 beds, 13 operating theatres, 2 cardiac and vascular angiography suites.",The Macquarie University Hospital is north of the main campus area towards the university sports grounds.,"From late 2017 onward its Campus Hub facility has been closed for reconstruction; a 'pop-up'-style replacement, the Campus Common, has been opened for the duration.",,
TRIPLET_00978,Wildlife,Tasmanian devil,https://en.wikipedia.org/wiki/Tasmanian_devil,Ecology and behaviour,Ecology and behaviour,Ecology and behaviour > Reproduction,Tasmanian_devil_SEC_005_SENT_005,Tasmanian_devil_SEC_005_SENT_028,Tasmanian_devil_SEC_007_SENT_050,"Devils can scale trees of trunk diameter larger than 40 cm (16 in), which tend to have no small side branches to hang onto, up to a height of around 2.5–3 m (8 ft 2 in – 9 ft 10 in).","However, there are also reports that an upper bound can be 50 km (31 mi) per night.",The milk contains a higher amount of iron than the milk of placental mammals.,,
TRIPLET_00053,Cities,Melbourne,https://en.wikipedia.org/wiki/Melbourne,Economy,Economy,Economy > Tourism,Melbourne_SEC_016_SENT_003,Melbourne_SEC_016_SENT_010,Melbourne_SEC_017_SENT_005,"Melbourne's suburbs also have the head offices of Coles Group (owner of Coles Supermarkets) and Wesfarmers companies Bunnings, Target, K-Mart and Officeworks, as well as the head office for Australia Post.","The city was rated 41st within the top 50 financial cities as surveyed by the MasterCard Worldwide Centers of Commerce Index (2008), second only to Sydney (12th) in Australia.","Luna Park, a theme park modelled on New York's Coney Island and Seattle's Luna Park, is also a popular destination for visitors.",,
TRIPLET_01130,History,Australian gold rushes,https://en.wikipedia.org/wiki/Australian_gold_rushes,"Notable gold finds that started rushes > 1871–1904: Charters Towers, Palmer River, and other finds in Queensland","Notable gold finds that started rushes > 1871–1904: Charters Towers, Palmer River, and other finds in Queensland","Pre-rush gold finds > 1850: Clunes, Victoria",Australian_gold_rushes_SEC_034_SENT_007,Australian_gold_rushes_SEC_034_SENT_012,Australian_gold_rushes_SEC_017_SENT_004,This turned out to contain Queensland's richest alluvial deposits.,"Port Douglas dates from 1873, and the Hodgkinson river (west of Cairns) from 1875.","At the time of the find in March 1850, Campbell was in the company of Donald Cameron, Cameron's superintendent, and a friend.",,
TRIPLET_00993,Wildlife,Tasmanian devil,https://en.wikipedia.org/wiki/Tasmanian_devil,Conservation status > Devil facial tumour disease,Conservation status > Devil facial tumour disease,Description,Tasmanian_devil_SEC_012_SENT_002,Tasmanian_devil_SEC_012_SENT_006,Tasmanian_devil_SEC_003_SENT_029,The state's west coast area and far north-west are the only places where devils are tumour free.,Dominant devils who engage in more biting behaviour are more exposed to the disease.,"Like dogs, it has 42 teeth, however, unlike dogs, its teeth are not replaced after birth but grow continuously throughout life at a slow rate.",,
TRIPLET_00293,Universities,University of Sydney,https://en.wikipedia.org/wiki/University_of_Sydney,Academic profile > Student outcomes,Academic profile > Student outcomes,Academic profile > Museums and galleries > Collections,University_of_Sydney_SEC_018_SENT_005,University_of_Sydney_SEC_018_SENT_006,University_of_Sydney_SEC_016_SENT_002,"The initial full-time salary was A$70,000 for undergraduates and A$96,000 for postgraduates.","In the 2023 Student Experience Survey, undergraduates at the university rated the quality of their entire educational experience at 71.7% meanwhile postgraduates rated their overall education experience at 70.8%.",The Nicholson Museum was founded in 1860 by the donation of Sir Charles Nicholson (Sydney University's second chancellor 1854–1862).,,
TRIPLET_00136,Cities,Brisbane,https://en.wikipedia.org/wiki/Brisbane,Geography and environment > Climate,Geography and environment > Climate,Infrastructure > Transport > Pedestrian,Brisbane_SEC_008_SENT_012,Brisbane_SEC_008_SENT_024,Brisbane_SEC_030_SENT_003,"The highest minimum temperature ever recorded in Brisbane was 28.0 °C (82.4 °F) on 29 January 1940 and again on 21 January 2017, whilst the lowest maximum temperature was 10.2 °C (50.4 °F) on 12 August 1954.",The temperature of the ocean ranges from 21 °C (70 °F) in August to 27 °C (81 °F) in February.,The longest span of the Riverwalk connects Newstead in the east with Toowong in the west.,,
TRIPLET_00607,Sport,Australian rules football,https://en.wikipedia.org/wiki/Australian_rules_football,Laws of the game > Game skills > Ball movement,Laws of the game > Game skills > Ball movement,History > First rules,Australian_rules_football_SEC_014_SENT_001,Australian_rules_football_SEC_014_SENT_004,Australian_rules_football_SEC_003_SENT_003,"A football may only be propelled forward in a select few ways as defined by the Laws of Australian Football, published by the AFL.","If the ball is not currently in a player's possession, it can be moved legally through the usage of other means, such as punching.","Three days later, Wills, Hammersley, Thompson and teacher Thomas H. Smith met near the MCG at the Parade Hotel, owned by Bryant, and drafted ten rules: ""The Rules of the Melbourne Football Club"".",,
TRIPLET_00332,Universities,University of Melbourne,https://en.wikipedia.org/wiki/University_of_Melbourne,Academic profile > Admissions,Academic profile > Admissions,Academic profile > Entrepreneurship,University_of_Melbourne_SEC_038_SENT_004,University_of_Melbourne_SEC_038_SENT_009,University_of_Melbourne_SEC_023_SENT_002,"Of the Premier's VCE Top All-Round High Achievers, 50% enrolled at the University of Melbourne.",International students compose 44% of the university's student body.,"The university also has an accelerator program for start-ups, which has produced a number of small companies.",,
TRIPLET_00135,Cities,Brisbane,https://en.wikipedia.org/wiki/Brisbane,Urban structure > Parklands,Urban structure > Parklands,Governance > Politics,Brisbane_SEC_010_SENT_008,Brisbane_SEC_010_SENT_004,Brisbane_SEC_022_SENT_007,"The Boondall Wetlands in the suburb of Boondall include 1,100 hectares of wetlands which are home to mangroves and shorebirds as well as walking tracks.",The Glass House Mountains National Park is located to the north of the metropolitan area in the Glass House Mountains and provides green space between the Brisbane metropolitan area and the Sunshine Coast.,"On the local level, LNP hold the Lord Mayoralty of Brisbane (with Adrian Schrinner as Lord Mayor) and 18 of the 26 wards of the City of Brisbane, while Labor holds five, the Greens hold two and an independent hold one (Tennyson Ward).",,
TRIPLET_01042,History,History of Australia,https://en.wikipedia.org/wiki/History_of_Australia,Historiography,Historiography,World War II > Defence policy in the 1930s,History_of_Australia_SEC_057_SENT_008,History_of_Australia_SEC_057_SENT_016,History_of_Australia_SEC_034_SENT_009,Brian Fitzpatrick published a series of histories from 1939 to 1941 which sought to demonstrate the exploitative nature of Britain's economic relationship with Australia and the role of the labour movement in a struggle for social justice and economic independence.,Others explored the history of those marginalised because of their sexuality or ethnicity.,"Gavin Long argues that the Labor opposition urged greater national self-reliance through a build-up of manufacturing and more emphasis on the Army and RAAF, as Chief of the General Staff, John Lavarack also advocated.",,
TRIPLET_00935,Wildlife,Platypus,https://en.wikipedia.org/wiki/Platypus,Description > Venom,Description > Venom,Evolution > Genome,Platypus_SEC_004_SENT_007,Platypus_SEC_004_SENT_008,Platypus_SEC_009_SENT_001,It is produced in kidney-shaped alveolar glands located in each of the thighs of the hind limbs and connected to the spur.,The venomous spurs of male platypuses serve as weapons in battles with other males for breeding.,"Because of the early divergence from the therian mammals and the low numbers of extant monotreme species, the platypus is a frequent subject of research in evolutionary biology.",,
TRIPLET_01102,History,Australian gold rushes,https://en.wikipedia.org/wiki/Australian_gold_rushes,"Pre-rush gold finds > 1820: Blue Mountains, New South Wales","Pre-rush gold finds > 1820: Blue Mountains, New South Wales","Pre-rush gold finds > 1850: Clunes, Victoria",Australian_gold_rushes_SEC_003_SENT_003,Australian_gold_rushes_SEC_003_SENT_001,Australian_gold_rushes_SEC_017_SENT_009,Many people were sceptical of his claim.,F. Stein was a Russian naturalist with the 1819–1821 Bellingshausen expedition to explore the Southern Ocean.,Communication of this knowledge by Hermann to James Esmond was to result in the discovery by Esmond on 1 July 1851 of payable quantities of alluvial gold at Clunes and lead to the first Victorian gold rush.,,
TRIPLET_00794,Sport,Tennis in Australia,https://en.wikipedia.org/wiki/Tennis_in_Australia,Broadcasting > US Open,Broadcasting > US Open,Broadcasting > Wimbledon,Tennis_in_Australia_SEC_009_SENT_001,Tennis_in_Australia_SEC_009_SENT_004,Tennis_in_Australia_SEC_008_SENT_003,The Nine Network is the current broadcast holder of the US Open having gained the rights to the event from 2022 making the Nine Network the home of Australian tennis with all four Grand Slams and Australian Open lead in events as well as all Australian rubbers of the Davis Cup and the Billie Jean King Cup.,"Additionally, between 2019 and 2021 SBS Australia simulcast coverage of the Quarterfinals onwards using the World Feed.",In late 2020 Nine regained exclusive rights to the Championships signing a three-year contract to broadcast the championships until 2023.,,
TRIPLET_00120,Cities,Brisbane,https://en.wikipedia.org/wiki/Brisbane,Infrastructure > Transport,Infrastructure > Transport,Demographics,Brisbane_SEC_024_SENT_002,Brisbane_SEC_024_SENT_004,Brisbane_SEC_012_SENT_002,"Like all Australian cities, the most popular mode of transport is private car.","The region is divided into seven fare zones radiating outwards from the Brisbane central business district (CBD), with Brisbane's built-up area falling within zones 1–3.","The Australian Bureau of Statistics estimates that the population of Greater Brisbane is 2,833,524 as of June 2025, making it the third-largest city in Australia.",,
TRIPLET_00331,Universities,University of Melbourne,https://en.wikipedia.org/wiki/University_of_Melbourne,Academic profile > Galleries and exhibitions > Buxton Contemporary,Academic profile > Galleries and exhibitions > Buxton Contemporary,Student life > Sports and athletics,University_of_Melbourne_SEC_034_SENT_002,University_of_Melbourne_SEC_034_SENT_001,University_of_Melbourne_SEC_040_SENT_006,"The museum was opened in 2018 and comprises four public exhibition galleries, teaching facilities and an outdoor screen for moving image art.","Buxton Contemporary is an art museum located at the university's Southbank campus, in Melbourne's Arts precinct.","It achieved prominence by being admitted to what is now the Australian Football League competition in 1908, and in 1914 becoming the first in the league's history to depart the competition, due to the club's strict stance on amateurism.",,
